[
  {
    "model": "contenttypes.contenttype",
    "pk": 1,
    "fields": { "app_label": "admin", "model": "logentry" }
  },
  {
    "model": "contenttypes.contenttype",
    "pk": 2,
    "fields": { "app_label": "auth", "model": "permission" }
  },
  {
    "model": "contenttypes.contenttype",
    "pk": 3,
    "fields": { "app_label": "auth", "model": "group" }
  },
  {
    "model": "contenttypes.contenttype",
    "pk": 4,
    "fields": { "app_label": "auth", "model": "user" }
  },
  {
    "model": "contenttypes.contenttype",
    "pk": 5,
    "fields": { "app_label": "contenttypes", "model": "contenttype" }
  },
  {
    "model": "contenttypes.contenttype",
    "pk": 6,
    "fields": { "app_label": "sessions", "model": "session" }
  },
  {
    "model": "contenttypes.contenttype",
    "pk": 7,
    "fields": { "app_label": "myapp", "model": "topic" }
  },
  {
    "model": "contenttypes.contenttype",
    "pk": 8,
    "fields": { "app_label": "myapp", "model": "student" }
  },
  {
    "model": "contenttypes.contenttype",
    "pk": 9,
    "fields": { "app_label": "myapp", "model": "course" }
  },
  {
    "model": "contenttypes.contenttype",
    "pk": 10,
    "fields": { "app_label": "myapp", "model": "order" }
  },
  {
    "model": "sessions.session",
    "pk": "1cs7x60lqsa9qhmgs89iyqylrkoslyfz",
    "fields": {
      "session_data": "ZTdiZThmNTRiNWRkZGYyMWY3YzRkODI0OGI4MWYxMjU4ZmU1N2NiMTp7fQ==",
      "expire_date": "2020-09-05T00:34:39.800Z"
    }
  },
  {
    "model": "sessions.session",
    "pk": "1cv7y9clrt8nvziwrh5tw885puwf9ism",
    "fields": {
      "session_data": "ZDEyZTNjNTVlY2QzODI0MzQwYzRjNWZkZjZjNmMyMmYzODc4OWEwZTp7Il9hdXRoX3VzZXJfaWQiOiIyIiwiX2F1dGhfdXNlcl9iYWNrZW5kIjoiZGphbmdvLmNvbnRyaWIuYXV0aC5iYWNrZW5kcy5Nb2RlbEJhY2tlbmQiLCJfYXV0aF91c2VyX2hhc2giOiJiOTEwODM4YTZmNWY2NGQ2OWVhNmM0NDQwZjQ4ZDA4M2RiZjE4ODY1IiwibGFzdF9sb2dpbiI6IjIwMjAtMDgtMDQgMjI6MDQ6MDIuMzM2MzMyIiwiYWJvdXRfdmlzaXRzIjoxfQ==",
      "expire_date": "2020-08-19T02:05:15.860Z"
    }
  },
  {
    "model": "sessions.session",
    "pk": "2t4k4vvmlxviv5twe6fbzlb8p294gz38",
    "fields": {
      "session_data": "ZTdiZThmNTRiNWRkZGYyMWY3YzRkODI0OGI4MWYxMjU4ZmU1N2NiMTp7fQ==",
      "expire_date": "2020-09-05T00:31:54.346Z"
    }
  },
  {
    "model": "sessions.session",
    "pk": "317os2kdjf6cw1yvuz12c4eulyvtzamv",
    "fields": {
      "session_data": "YzNiODZhZmUzYzQ3NTgwMWJkNzdmYzVhNjFlNGJmZWJmNzUyN2Q4MDp7Il9hdXRoX3VzZXJfaWQiOiIxIiwiX2F1dGhfdXNlcl9iYWNrZW5kIjoiZGphbmdvLmNvbnRyaWIuYXV0aC5iYWNrZW5kcy5Nb2RlbEJhY2tlbmQiLCJfYXV0aF91c2VyX2hhc2giOiIxMDA1ZTkwZDQwZDhhZmQ4OGY3MDg2YTYzNDc3NmJiYWNkYzhiNWYyIn0=",
      "expire_date": "2020-07-08T16:05:17.533Z"
    }
  },
  {
    "model": "sessions.session",
    "pk": "3dcqayp9zl6tz0i2dqcfostsninbu2hg",
    "fields": {
      "session_data": "ZTdiZThmNTRiNWRkZGYyMWY3YzRkODI0OGI4MWYxMjU4ZmU1N2NiMTp7fQ==",
      "expire_date": "2020-09-05T00:27:30.411Z"
    }
  },
  {
    "model": "sessions.session",
    "pk": "3yknc8zlzbufsgfxwqw623iew8y0dagt",
    "fields": {
      "session_data": "MDUyMGIxZmFmYTE0YTA1YmRjMGVmZDUzMmZmMGMzNjk0NThkYmMxYzp7Il9hdXRoX3VzZXJfaWQiOiIxIiwiX2F1dGhfdXNlcl9iYWNrZW5kIjoiZGphbmdvLmNvbnRyaWIuYXV0aC5iYWNrZW5kcy5Nb2RlbEJhY2tlbmQiLCJfYXV0aF91c2VyX2hhc2giOiIxMDA1ZTkwZDQwZDhhZmQ4OGY3MDg2YTYzNDc3NmJiYWNkYzhiNWYyIiwibGFzdF9sb2dpbiI6IjIwMjAtMDgtMDQgMjE6NDk6MzEuNzMwNDI2In0=",
      "expire_date": "2020-08-19T01:49:31.730Z"
    }
  },
  {
    "model": "sessions.session",
    "pk": "3zapfm9brdnpbaqshih4pglf13cnyv4s",
    "fields": {
      "session_data": "OTMzYjVjYzk0NzhlMTgwOGJhNDlhZDFjZTFjYzM4ZWRmN2VlODA5MDp7InRlc3Rjb29raWUiOiJ3b3JrZWQifQ==",
      "expire_date": "2020-08-19T02:02:57.925Z"
    }
  },
  {
    "model": "sessions.session",
    "pk": "5vhpbfamgmcb192ai69rfce7w450gw8h",
    "fields": {
      "session_data": "ZTdiZThmNTRiNWRkZGYyMWY3YzRkODI0OGI4MWYxMjU4ZmU1N2NiMTp7fQ==",
      "expire_date": "2020-09-03T17:05:22.584Z"
    }
  },
  {
    "model": "sessions.session",
    "pk": "5xu0d1a44tl2oi1il6z48kynpfc0gj8w",
    "fields": {
      "session_data": "ZTdiZThmNTRiNWRkZGYyMWY3YzRkODI0OGI4MWYxMjU4ZmU1N2NiMTp7fQ==",
      "expire_date": "2020-09-03T16:46:34.123Z"
    }
  },
  {
    "model": "sessions.session",
    "pk": "6bqf9ok1fcb5usaj6q38ctpauefpqmoz",
    "fields": {
      "session_data": "ZTdiZThmNTRiNWRkZGYyMWY3YzRkODI0OGI4MWYxMjU4ZmU1N2NiMTp7fQ==",
      "expire_date": "2020-09-03T17:12:57.754Z"
    }
  },
  {
    "model": "sessions.session",
    "pk": "asp8duqximqsdcs40ckq09maq9gv634s",
    "fields": {
      "session_data": "ZTdiZThmNTRiNWRkZGYyMWY3YzRkODI0OGI4MWYxMjU4ZmU1N2NiMTp7fQ==",
      "expire_date": "2020-09-05T00:32:14.702Z"
    }
  },
  {
    "model": "sessions.session",
    "pk": "c2xal7kpxnukrzemzdqah2arnczbgmj2",
    "fields": {
      "session_data": "ZTdiZThmNTRiNWRkZGYyMWY3YzRkODI0OGI4MWYxMjU4ZmU1N2NiMTp7fQ==",
      "expire_date": "2020-09-03T17:12:13.113Z"
    }
  },
  {
    "model": "sessions.session",
    "pk": "ea5ztxrneepasu241i6m5757h96a384j",
    "fields": {
      "session_data": "ZTdiZThmNTRiNWRkZGYyMWY3YzRkODI0OGI4MWYxMjU4ZmU1N2NiMTp7fQ==",
      "expire_date": "2020-09-03T17:13:15.909Z"
    }
  },
  {
    "model": "sessions.session",
    "pk": "fhv9hnni268o77rmv2cvm0ej0jrm9075",
    "fields": {
      "session_data": "ZTdiZThmNTRiNWRkZGYyMWY3YzRkODI0OGI4MWYxMjU4ZmU1N2NiMTp7fQ==",
      "expire_date": "2020-09-05T00:32:28.007Z"
    }
  },
  {
    "model": "sessions.session",
    "pk": "g0d80z8jtvifm124o4n476zlqmij0rmi",
    "fields": {
      "session_data": "ZTdiZThmNTRiNWRkZGYyMWY3YzRkODI0OGI4MWYxMjU4ZmU1N2NiMTp7fQ==",
      "expire_date": "2020-09-05T00:38:04.033Z"
    }
  },
  {
    "model": "sessions.session",
    "pk": "g4gusyss4mxnwctnvsu5eh3ty3jc6uz7",
    "fields": {
      "session_data": "YzNiODZhZmUzYzQ3NTgwMWJkNzdmYzVhNjFlNGJmZWJmNzUyN2Q4MDp7Il9hdXRoX3VzZXJfaWQiOiIxIiwiX2F1dGhfdXNlcl9iYWNrZW5kIjoiZGphbmdvLmNvbnRyaWIuYXV0aC5iYWNrZW5kcy5Nb2RlbEJhY2tlbmQiLCJfYXV0aF91c2VyX2hhc2giOiIxMDA1ZTkwZDQwZDhhZmQ4OGY3MDg2YTYzNDc3NmJiYWNkYzhiNWYyIn0=",
      "expire_date": "2020-07-07T23:53:04.208Z"
    }
  },
  {
    "model": "sessions.session",
    "pk": "hq8xwtwga80nyg8cbejlbwj6h9y46a94",
    "fields": {
      "session_data": "ZTdiZThmNTRiNWRkZGYyMWY3YzRkODI0OGI4MWYxMjU4ZmU1N2NiMTp7fQ==",
      "expire_date": "2020-09-05T00:37:36.665Z"
    }
  },
  {
    "model": "sessions.session",
    "pk": "kterp1kzs41fv749t7ipa3sclwbngn6q",
    "fields": {
      "session_data": "ZTdiZThmNTRiNWRkZGYyMWY3YzRkODI0OGI4MWYxMjU4ZmU1N2NiMTp7fQ==",
      "expire_date": "2020-09-05T00:28:33.017Z"
    }
  },
  {
    "model": "sessions.session",
    "pk": "lir9xun1qs0ic267r9630mkljc7qmj4m",
    "fields": {
      "session_data": "NjBkNDcxZGI0YjMzZTYxZTFlZTViNzdlZTg0YTE1Y2Y5ZDc4M2E2NTp7Il9hdXRoX3VzZXJfaWQiOiI4IiwiX2F1dGhfdXNlcl9iYWNrZW5kIjoiZGphbmdvLmNvbnRyaWIuYXV0aC5iYWNrZW5kcy5Nb2RlbEJhY2tlbmQiLCJfYXV0aF91c2VyX2hhc2giOiI5N2RhNWU3NjZiZGZmZjM1OWEzMjZiNzg1ZDVjYzEwZTk2ODliMGRkIiwiYWJvdXRfdmlzaXRzIjoyLCJfc2Vzc2lvbl9leHBpcnkiOjMwMH0=",
      "expire_date": "2020-08-20T19:36:15.861Z"
    }
  },
  {
    "model": "sessions.session",
    "pk": "ln5qdkn7kozfeov3htkugzzroq5d81rb",
    "fields": {
      "session_data": "ZTdiZThmNTRiNWRkZGYyMWY3YzRkODI0OGI4MWYxMjU4ZmU1N2NiMTp7fQ==",
      "expire_date": "2020-09-03T17:03:25.143Z"
    }
  },
  {
    "model": "sessions.session",
    "pk": "lwp4845xffn16ow0ylvueir1wa0ctnkj",
    "fields": {
      "session_data": "ZTdiZThmNTRiNWRkZGYyMWY3YzRkODI0OGI4MWYxMjU4ZmU1N2NiMTp7fQ==",
      "expire_date": "2020-09-03T22:04:47.802Z"
    }
  },
  {
    "model": "sessions.session",
    "pk": "n7062ipregju9oayong7z1c36l8vkzbm",
    "fields": {
      "session_data": "ZTdiZThmNTRiNWRkZGYyMWY3YzRkODI0OGI4MWYxMjU4ZmU1N2NiMTp7fQ==",
      "expire_date": "2020-09-05T00:36:48.105Z"
    }
  },
  {
    "model": "sessions.session",
    "pk": "oinhtsi75eyc1csi35qnv9f575zigk42",
    "fields": {
      "session_data": "ZTdiZThmNTRiNWRkZGYyMWY3YzRkODI0OGI4MWYxMjU4ZmU1N2NiMTp7fQ==",
      "expire_date": "2020-09-05T00:29:05.655Z"
    }
  },
  {
    "model": "sessions.session",
    "pk": "rbcwgr6ipbpqb946vyfm9ofuv214g52f",
    "fields": {
      "session_data": "ZTdiZThmNTRiNWRkZGYyMWY3YzRkODI0OGI4MWYxMjU4ZmU1N2NiMTp7fQ==",
      "expire_date": "2020-09-05T00:31:03.534Z"
    }
  },
  {
    "model": "sessions.session",
    "pk": "rbr264cdvuqp4eusgdaa1nofyhp2n94y",
    "fields": {
      "session_data": "ZTdiZThmNTRiNWRkZGYyMWY3YzRkODI0OGI4MWYxMjU4ZmU1N2NiMTp7fQ==",
      "expire_date": "2020-09-03T16:57:06.583Z"
    }
  },
  {
    "model": "sessions.session",
    "pk": "rf4fw1av5r45tbqetwe1ig00y087i1fp",
    "fields": {
      "session_data": "ODNlN2E1ZWY1YjA4YTYyNGE2ZGY3OGVhZGJjYjNkNWQ5M2M2NzRiNzp7Il9hdXRoX3VzZXJfaWQiOiI4IiwiX2F1dGhfdXNlcl9iYWNrZW5kIjoiZGphbmdvLmNvbnRyaWIuYXV0aC5iYWNrZW5kcy5Nb2RlbEJhY2tlbmQiLCJfYXV0aF91c2VyX2hhc2giOiI5N2RhNWU3NjZiZGZmZjM1OWEzMjZiNzg1ZDVjYzEwZTk2ODliMGRkIn0=",
      "expire_date": "2020-09-05T01:21:34.995Z"
    }
  },
  {
    "model": "sessions.session",
    "pk": "ur51ijf4uim5emkful8djjg6pmgw7bzk",
    "fields": {
      "session_data": "OTMzYjVjYzk0NzhlMTgwOGJhNDlhZDFjZTFjYzM4ZWRmN2VlODA5MDp7InRlc3Rjb29raWUiOiJ3b3JrZWQifQ==",
      "expire_date": "2020-08-19T01:51:24.103Z"
    }
  },
  {
    "model": "sessions.session",
    "pk": "v6emniu0lr2a4ezdspp8z8nqfztss559",
    "fields": {
      "session_data": "ZTdiZThmNTRiNWRkZGYyMWY3YzRkODI0OGI4MWYxMjU4ZmU1N2NiMTp7fQ==",
      "expire_date": "2020-09-03T16:45:54.477Z"
    }
  },
  {
    "model": "sessions.session",
    "pk": "wddoegxntwoaltoe28k7n24gbyfhepw8",
    "fields": {
      "session_data": "OTMzYjVjYzk0NzhlMTgwOGJhNDlhZDFjZTFjYzM4ZWRmN2VlODA5MDp7InRlc3Rjb29raWUiOiJ3b3JrZWQifQ==",
      "expire_date": "2020-08-19T02:02:26.903Z"
    }
  },
  {
    "model": "sessions.session",
    "pk": "weh3bm1v86sii3wmete0qhmfsef2ugst",
    "fields": {
      "session_data": "ZTdiZThmNTRiNWRkZGYyMWY3YzRkODI0OGI4MWYxMjU4ZmU1N2NiMTp7fQ==",
      "expire_date": "2020-09-03T17:06:42.728Z"
    }
  },
  {
    "model": "sessions.session",
    "pk": "wv4zvpq36epr4x8r3eadche5qm6t2kjo",
    "fields": {
      "session_data": "NDQwNjhjODQyOWFlM2Y0YzU3ZjE0OTA1YjllNzVkZDM0ZjFlN2MwZjp7ImFib3V0X3Zpc2l0cyI6MX0=",
      "expire_date": "2020-08-19T01:48:25.899Z"
    }
  },
  {
    "model": "sessions.session",
    "pk": "xk6qx454ij5gualczt1h1selpwn2e0xi",
    "fields": {
      "session_data": "ZTdiZThmNTRiNWRkZGYyMWY3YzRkODI0OGI4MWYxMjU4ZmU1N2NiMTp7fQ==",
      "expire_date": "2020-09-03T16:45:12.284Z"
    }
  },
  {
    "model": "sessions.session",
    "pk": "ylshq3o9kim5xkrznmxoqugy5yj4rnrt",
    "fields": {
      "session_data": "ZTdiZThmNTRiNWRkZGYyMWY3YzRkODI0OGI4MWYxMjU4ZmU1N2NiMTp7fQ==",
      "expire_date": "2020-09-05T00:33:37.784Z"
    }
  },
  {
    "model": "sessions.session",
    "pk": "ypds3bflfg1880p3vw1tl1l9ob7zjr0e",
    "fields": {
      "session_data": "ZTdiZThmNTRiNWRkZGYyMWY3YzRkODI0OGI4MWYxMjU4ZmU1N2NiMTp7fQ==",
      "expire_date": "2020-09-05T00:35:18.720Z"
    }
  },
  {
    "model": "sessions.session",
    "pk": "z3yi122tpku38gfzife02760hag6igz0",
    "fields": {
      "session_data": "N2M1YmNjNzM1NWE1ZDliZWQwZTViOWMwNmM5ZGY2ZWYzN2I1MjBjNjp7ImFib3V0X3Zpc2l0cyI6NCwiX3Nlc3Npb25fZXhwaXJ5IjozMDB9",
      "expire_date": "2020-08-05T01:19:51.120Z"
    }
  },
  {
    "model": "myapp.topic",
    "pk": 1,
    "fields": { "name": "Web Development      ", "category": "Development" }
  },
  {
    "model": "myapp.topic",
    "pk": 2,
    "fields": { "name": "Management           ", "category": "Business" }
  },
  {
    "model": "myapp.topic",
    "pk": 3,
    "fields": { "name": "IT Certification     ", "category": "IT & Software" }
  },
  {
    "model": "myapp.topic",
    "pk": 4,
    "fields": {
      "name": "Sports               ",
      "category": "Health & Fitness"
    }
  },
  {
    "model": "myapp.topic",
    "pk": 5,
    "fields": { "name": "Economics", "category": "Finance & Accounting" }
  },
  {
    "model": "myapp.course",
    "pk": 1,
    "fields": {
      "topic": 3,
      "name": "CCNA",
      "price": "199.99",
      "for_everyone": false,
      "description": "",
      "interested": 1,
      "stages": 3,
      "hours": "0.00"
    }
  },
  {
    "model": "myapp.course",
    "pk": 2,
    "fields": {
      "topic": 3,
      "name": "AWS",
      "price": "119.99",
      "for_everyone": false,
      "description": "",
      "interested": 1,
      "stages": 3,
      "hours": "0.00"
    }
  },
  {
    "model": "myapp.course",
    "pk": 3,
    "fields": {
      "topic": 3,
      "name": "CompTIA Security",
      "price": "139.99",
      "for_everyone": true,
      "description": "",
      "interested": 1,
      "stages": 3,
      "hours": "0.00"
    }
  },
  {
    "model": "myapp.course",
    "pk": 4,
    "fields": {
      "topic": 3,
      "name": "Oracle SQL",
      "price": "159.99",
      "for_everyone": false,
      "description": "",
      "interested": 1,
      "stages": 3,
      "hours": "0.00"
    }
  },
  {
    "model": "myapp.course",
    "pk": 5,
    "fields": {
      "topic": 5,
      "name": "Microeconomics",
      "price": "199.99",
      "for_everyone": false,
      "description": "",
      "interested": 1,
      "stages": 3,
      "hours": "0.00"
    }
  },
  {
    "model": "myapp.course",
    "pk": 6,
    "fields": {
      "topic": 5,
      "name": "Introduction to Economics",
      "price": "174.99",
      "for_everyone": true,
      "description": "",
      "interested": 1,
      "stages": 3,
      "hours": "0.00"
    }
  },
  {
    "model": "myapp.course",
    "pk": 7,
    "fields": {
      "topic": 5,
      "name": "Global Economics",
      "price": "149.99",
      "for_everyone": true,
      "description": "",
      "interested": 2,
      "stages": 3,
      "hours": "0.00"
    }
  },
  {
    "model": "myapp.course",
    "pk": 8,
    "fields": {
      "topic": 1,
      "name": "Web Dev Bootcamp",
      "price": "199.99",
      "for_everyone": true,
      "description": "",
      "interested": 2,
      "stages": 3,
      "hours": "0.00"
    }
  },
  {
    "model": "myapp.course",
    "pk": 9,
    "fields": {
      "topic": 1,
      "name": "Web Design",
      "price": "159.99",
      "for_everyone": false,
      "description": "Design Learning",
      "interested": 1,
      "stages": 3,
      "hours": "0.00"
    }
  },
  {
    "model": "myapp.course",
    "pk": 10,
    "fields": {
      "topic": 1,
      "name": "Web Development Mastercalss",
      "price": "124.99",
      "for_everyone": true,
      "description": "",
      "interested": 1,
      "stages": 3,
      "hours": "0.00"
    }
  },
  {
    "model": "myapp.course",
    "pk": 11,
    "fields": {
      "topic": 1,
      "name": "Build Responsive Websites",
      "price": "149.99",
      "for_everyone": false,
      "description": "Learn building the responsive website",
      "interested": 1,
      "stages": 3,
      "hours": "0.00"
    }
  },
  {
    "model": "myapp.course",
    "pk": 12,
    "fields": {
      "topic": 2,
      "name": "Innovation for Business",
      "price": "174.99",
      "for_everyone": true,
      "description": "",
      "interested": 1,
      "stages": 3,
      "hours": "0.00"
    }
  },
  {
    "model": "myapp.course",
    "pk": 13,
    "fields": {
      "topic": 2,
      "name": "Leadership Skills",
      "price": "184.99",
      "for_everyone": true,
      "description": "",
      "interested": 1,
      "stages": 3,
      "hours": "0.00"
    }
  },
  {
    "model": "myapp.course",
    "pk": 14,
    "fields": {
      "topic": 2,
      "name": "Project Management",
      "price": "149.99",
      "for_everyone": true,
      "description": "",
      "interested": 1,
      "stages": 3,
      "hours": "0.00"
    }
  },
  {
    "model": "myapp.course",
    "pk": 15,
    "fields": {
      "topic": 4,
      "name": "Sports Psychology",
      "price": "174.99",
      "for_everyone": true,
      "description": "",
      "interested": 1,
      "stages": 3,
      "hours": "0.00"
    }
  },
  {
    "model": "myapp.course",
    "pk": 16,
    "fields": {
      "topic": 4,
      "name": "Introduction to Soccer",
      "price": "134.99",
      "for_everyone": true,
      "description": "",
      "interested": 1,
      "stages": 3,
      "hours": "0.00"
    }
  },
  {
    "model": "myapp.course",
    "pk": 17,
    "fields": {
      "topic": 4,
      "name": "Swimming Guide for Beginners",
      "price": "99.99",
      "for_everyone": true,
      "description": "",
      "interested": 2,
      "stages": 3,
      "hours": "30.00"
    }
  },
  {
    "model": "myapp.course",
    "pk": 18,
    "fields": {
      "topic": 1,
      "name": "Test",
      "price": "100.00",
      "for_everyone": true,
      "description": "",
      "interested": 0,
      "stages": 3,
      "hours": "30.00"
    }
  },
  {
    "model": "auth.permission",
    "pk": 1,
    "fields": {
      "name": "Can add log entry",
      "content_type": 1,
      "codename": "add_logentry"
    }
  },
  {
    "model": "auth.permission",
    "pk": 2,
    "fields": {
      "name": "Can change log entry",
      "content_type": 1,
      "codename": "change_logentry"
    }
  },
  {
    "model": "auth.permission",
    "pk": 3,
    "fields": {
      "name": "Can delete log entry",
      "content_type": 1,
      "codename": "delete_logentry"
    }
  },
  {
    "model": "auth.permission",
    "pk": 4,
    "fields": {
      "name": "Can view log entry",
      "content_type": 1,
      "codename": "view_logentry"
    }
  },
  {
    "model": "auth.permission",
    "pk": 5,
    "fields": {
      "name": "Can add permission",
      "content_type": 2,
      "codename": "add_permission"
    }
  },
  {
    "model": "auth.permission",
    "pk": 6,
    "fields": {
      "name": "Can change permission",
      "content_type": 2,
      "codename": "change_permission"
    }
  },
  {
    "model": "auth.permission",
    "pk": 7,
    "fields": {
      "name": "Can delete permission",
      "content_type": 2,
      "codename": "delete_permission"
    }
  },
  {
    "model": "auth.permission",
    "pk": 8,
    "fields": {
      "name": "Can view permission",
      "content_type": 2,
      "codename": "view_permission"
    }
  },
  {
    "model": "auth.permission",
    "pk": 9,
    "fields": {
      "name": "Can add group",
      "content_type": 3,
      "codename": "add_group"
    }
  },
  {
    "model": "auth.permission",
    "pk": 10,
    "fields": {
      "name": "Can change group",
      "content_type": 3,
      "codename": "change_group"
    }
  },
  {
    "model": "auth.permission",
    "pk": 11,
    "fields": {
      "name": "Can delete group",
      "content_type": 3,
      "codename": "delete_group"
    }
  },
  {
    "model": "auth.permission",
    "pk": 12,
    "fields": {
      "name": "Can view group",
      "content_type": 3,
      "codename": "view_group"
    }
  },
  {
    "model": "auth.permission",
    "pk": 13,
    "fields": {
      "name": "Can add user",
      "content_type": 4,
      "codename": "add_user"
    }
  },
  {
    "model": "auth.permission",
    "pk": 14,
    "fields": {
      "name": "Can change user",
      "content_type": 4,
      "codename": "change_user"
    }
  },
  {
    "model": "auth.permission",
    "pk": 15,
    "fields": {
      "name": "Can delete user",
      "content_type": 4,
      "codename": "delete_user"
    }
  },
  {
    "model": "auth.permission",
    "pk": 16,
    "fields": {
      "name": "Can view user",
      "content_type": 4,
      "codename": "view_user"
    }
  },
  {
    "model": "auth.permission",
    "pk": 17,
    "fields": {
      "name": "Can add content type",
      "content_type": 5,
      "codename": "add_contenttype"
    }
  },
  {
    "model": "auth.permission",
    "pk": 18,
    "fields": {
      "name": "Can change content type",
      "content_type": 5,
      "codename": "change_contenttype"
    }
  },
  {
    "model": "auth.permission",
    "pk": 19,
    "fields": {
      "name": "Can delete content type",
      "content_type": 5,
      "codename": "delete_contenttype"
    }
  },
  {
    "model": "auth.permission",
    "pk": 20,
    "fields": {
      "name": "Can view content type",
      "content_type": 5,
      "codename": "view_contenttype"
    }
  },
  {
    "model": "auth.permission",
    "pk": 21,
    "fields": {
      "name": "Can add session",
      "content_type": 6,
      "codename": "add_session"
    }
  },
  {
    "model": "auth.permission",
    "pk": 22,
    "fields": {
      "name": "Can change session",
      "content_type": 6,
      "codename": "change_session"
    }
  },
  {
    "model": "auth.permission",
    "pk": 23,
    "fields": {
      "name": "Can delete session",
      "content_type": 6,
      "codename": "delete_session"
    }
  },
  {
    "model": "auth.permission",
    "pk": 24,
    "fields": {
      "name": "Can view session",
      "content_type": 6,
      "codename": "view_session"
    }
  },
  {
    "model": "auth.permission",
    "pk": 25,
    "fields": {
      "name": "Can add topic",
      "content_type": 7,
      "codename": "add_topic"
    }
  },
  {
    "model": "auth.permission",
    "pk": 26,
    "fields": {
      "name": "Can change topic",
      "content_type": 7,
      "codename": "change_topic"
    }
  },
  {
    "model": "auth.permission",
    "pk": 27,
    "fields": {
      "name": "Can delete topic",
      "content_type": 7,
      "codename": "delete_topic"
    }
  },
  {
    "model": "auth.permission",
    "pk": 28,
    "fields": {
      "name": "Can view topic",
      "content_type": 7,
      "codename": "view_topic"
    }
  },
  {
    "model": "auth.permission",
    "pk": 29,
    "fields": {
      "name": "Can add user",
      "content_type": 8,
      "codename": "add_student"
    }
  },
  {
    "model": "auth.permission",
    "pk": 30,
    "fields": {
      "name": "Can change user",
      "content_type": 8,
      "codename": "change_student"
    }
  },
  {
    "model": "auth.permission",
    "pk": 31,
    "fields": {
      "name": "Can delete user",
      "content_type": 8,
      "codename": "delete_student"
    }
  },
  {
    "model": "auth.permission",
    "pk": 32,
    "fields": {
      "name": "Can view user",
      "content_type": 8,
      "codename": "view_student"
    }
  },
  {
    "model": "auth.permission",
    "pk": 33,
    "fields": {
      "name": "Can add course",
      "content_type": 9,
      "codename": "add_course"
    }
  },
  {
    "model": "auth.permission",
    "pk": 34,
    "fields": {
      "name": "Can change course",
      "content_type": 9,
      "codename": "change_course"
    }
  },
  {
    "model": "auth.permission",
    "pk": 35,
    "fields": {
      "name": "Can delete course",
      "content_type": 9,
      "codename": "delete_course"
    }
  },
  {
    "model": "auth.permission",
    "pk": 36,
    "fields": {
      "name": "Can view course",
      "content_type": 9,
      "codename": "view_course"
    }
  },
  {
    "model": "auth.permission",
    "pk": 37,
    "fields": {
      "name": "Can add order",
      "content_type": 10,
      "codename": "add_order"
    }
  },
  {
    "model": "auth.permission",
    "pk": 38,
    "fields": {
      "name": "Can change order",
      "content_type": 10,
      "codename": "change_order"
    }
  },
  {
    "model": "auth.permission",
    "pk": 39,
    "fields": {
      "name": "Can delete order",
      "content_type": 10,
      "codename": "delete_order"
    }
  },
  {
    "model": "auth.permission",
    "pk": 40,
    "fields": {
      "name": "Can view order",
      "content_type": 10,
      "codename": "view_order"
    }
  },
  {
    "model": "auth.user",
    "pk": 1,
    "fields": {
      "password": "pbkdf2_sha256$180000$eGxJJ9dDt44f$oTEt7ePkVM0DOoHRjPUdWWswB1kwwuPiGlrHrelpLNs=",
      "last_login": "2020-08-05T01:49:31Z",
      "is_superuser": false,
      "username": "khush",
      "first_name": "",
      "last_name": "",
      "email": "",
      "is_staff": false,
      "is_active": true,
      "date_joined": "2020-06-23T23:51:46Z",
      "groups": [],
      "user_permissions": []
    }
  },
  {
    "model": "auth.user",
    "pk": 2,
    "fields": {
      "password": "pbkdf2_sha256$180000$TRvH3NUBlspX$yU/Tl/VGNCxNF8jFPMJP7wtIxWJCGuJ8cpLNXlzD1/g=",
      "last_login": "2020-08-05T02:04:02Z",
      "is_superuser": false,
      "username": "john",
      "first_name": "John",
      "last_name": "Smith",
      "email": "",
      "is_staff": false,
      "is_active": true,
      "date_joined": "2020-06-24T16:17:04Z",
      "groups": [],
      "user_permissions": []
    }
  },
  {
    "model": "auth.user",
    "pk": 3,
    "fields": {
      "password": "pbkdf2_sha256$180000$8qzdwcTgscDM$vR17+bydfuEZpFU6XUHhmO74rdWxYoRrEKlQwnkch50=",
      "last_login": "2020-07-28T19:17:05Z",
      "is_superuser": false,
      "username": "mary",
      "first_name": "Mary",
      "last_name": "Jones",
      "email": "",
      "is_staff": false,
      "is_active": true,
      "date_joined": "2020-06-24T16:20:02Z",
      "groups": [],
      "user_permissions": []
    }
  },
  {
    "model": "auth.user",
    "pk": 4,
    "fields": {
      "password": "pbkdf2_sha256$180000$5fUoJ42Rn2ZP$Lt6aHd1DQ46VEu9f7DnSCyX8Bm0op5iEeG+7jXfEfSs=",
      "last_login": null,
      "is_superuser": false,
      "username": "alan",
      "first_name": "Alan",
      "last_name": "George",
      "email": "aman4800@gmail.com",
      "is_staff": false,
      "is_active": true,
      "date_joined": "2020-06-24T16:22:23Z",
      "groups": [],
      "user_permissions": []
    }
  },
  {
    "model": "auth.user",
    "pk": 5,
    "fields": {
      "password": "pbkdf2_sha256$180000$fOpYabgNweAu$UdFTrlHf0IMZK02A7jHCBj4lCMLjASes4UT4PchUoHg=",
      "last_login": null,
      "is_superuser": false,
      "username": "josh",
      "first_name": "Josh",
      "last_name": "Jones",
      "email": "",
      "is_staff": false,
      "is_active": true,
      "date_joined": "2020-06-24T16:23:21Z",
      "groups": [],
      "user_permissions": []
    }
  },
  {
    "model": "auth.user",
    "pk": 6,
    "fields": {
      "password": "pbkdf2_sha256$180000$4q9Dc5o4I1wp$ij/NsubG+jnTGIButhJjtwLkIIRZP7LrZ2qwU8tMJak=",
      "last_login": "2020-08-22T01:06:36.265Z",
      "is_superuser": false,
      "username": "chris",
      "first_name": "Chris",
      "last_name": "Hall",
      "email": "",
      "is_staff": false,
      "is_active": true,
      "date_joined": "2020-06-24T16:24:21Z",
      "groups": [],
      "user_permissions": []
    }
  },
  {
    "model": "auth.user",
    "pk": 7,
    "fields": {
      "password": "pbkdf2_sha256$180000$QELspbgb5PRD$uWg+l7rFVO56sItptrSDF7Gaw+KxLCdWsPpTBGRloFw=",
      "last_login": "2020-07-28T19:22:17.925Z",
      "is_superuser": false,
      "username": "abc",
      "first_name": "",
      "last_name": "",
      "email": "",
      "is_staff": false,
      "is_active": true,
      "date_joined": "2020-07-28T18:09:37.764Z",
      "groups": [],
      "user_permissions": []
    }
  },
  {
    "model": "auth.user",
    "pk": 8,
    "fields": {
      "password": "pbkdf2_sha256$180000$WlaC1C65YAba$myGmWJgaLyzO7QxgnA8negubHdFG1IfaNL+1UqJWpA4=",
      "last_login": "2020-08-22T01:21:34.988Z",
      "is_superuser": true,
      "username": "aman",
      "first_name": "",
      "last_name": "",
      "email": "patel2ay@uwindsor.ca",
      "is_staff": true,
      "is_active": true,
      "date_joined": "2020-08-20T13:49:44.696Z",
      "groups": [],
      "user_permissions": []
    }
  },
  {
    "model": "myapp.student",
    "pk": 2,
    "fields": {
      "school": null,
      "city": "WS",
      "address": "123 University Avenue",
      "photo": "",
      "interested_in": [1, 2, 3]
    }
  },
  {
    "model": "myapp.student",
    "pk": 3,
    "fields": {
      "school": null,
      "city": "VC",
      "address": "235 Sunset Avenue",
      "photo": "",
      "interested_in": [2, 5]
    }
  },
  {
    "model": "myapp.student",
    "pk": 4,
    "fields": {
      "school": null,
      "city": "CG",
      "address": "306 Prince Street",
      "photo": "",
      "interested_in": [2, 3, 4]
    }
  },
  {
    "model": "myapp.student",
    "pk": 5,
    "fields": {
      "school": null,
      "city": "MR",
      "address": "442 Sunset Avenue",
      "photo": "",
      "interested_in": [3, 4, 5]
    }
  },
  {
    "model": "myapp.student",
    "pk": 6,
    "fields": {
      "school": null,
      "city": "WS",
      "address": "987 King Street",
      "photo": "",
      "interested_in": [1, 2]
    }
  },
  {
    "model": "myapp.order",
    "pk": 1,
    "fields": {
      "course": 1,
      "student": 2,
      "levels": 0,
      "order_status": 1,
      "order_date": "2020-06-24"
    }
  },
  {
    "model": "myapp.order",
    "pk": 2,
    "fields": {
      "course": 1,
      "student": 4,
      "levels": 0,
      "order_status": 1,
      "order_date": "2020-06-24"
    }
  },
  {
    "model": "myapp.order",
    "pk": 3,
    "fields": {
      "course": 1,
      "student": 6,
      "levels": 0,
      "order_status": 1,
      "order_date": "2020-06-24"
    }
  },
  {
    "model": "myapp.order",
    "pk": 4,
    "fields": {
      "course": 16,
      "student": 5,
      "levels": 1,
      "order_status": 1,
      "order_date": "1980-01-01"
    }
  },
  {
    "model": "myapp.order",
    "pk": 5,
    "fields": {
      "course": 16,
      "student": 5,
      "levels": 1,
      "order_status": 1,
      "order_date": "1980-01-01"
    }
  },
  {
    "model": "myapp.order",
    "pk": 6,
    "fields": {
      "course": 15,
      "student": 3,
      "levels": 1,
      "order_status": 1,
      "order_date": "1980-01-01"
    }
  },
  {
    "model": "myapp.order",
    "pk": 7,
    "fields": {
      "course": 15,
      "student": 3,
      "levels": 1,
      "order_status": 1,
      "order_date": "1980-01-01"
    }
  },
  {
    "model": "myapp.order",
    "pk": 8,
    "fields": {
      "course": 6,
      "student": 5,
      "levels": 2,
      "order_status": 1,
      "order_date": "2020-07-21"
    }
  },
  {
    "model": "myapp.order",
    "pk": 9,
    "fields": {
      "course": 6,
      "student": 5,
      "levels": 2,
      "order_status": 1,
      "order_date": "2020-07-21"
    }
  },
  {
    "model": "myapp.order",
    "pk": 10,
    "fields": {
      "course": 6,
      "student": 5,
      "levels": 2,
      "order_status": 1,
      "order_date": "2020-07-21"
    }
  },
  {
    "model": "myapp.order",
    "pk": 11,
    "fields": {
      "course": 14,
      "student": 6,
      "levels": 1,
      "order_status": 1,
      "order_date": "2020-08-20"
    }
  },
  {
    "model": "myapp.order",
    "pk": 12,
    "fields": {
      "course": 7,
      "student": 6,
      "levels": 1,
      "order_status": 1,
      "order_date": "2020-08-20"
    }
  },
  {
    "model": "myapp.order",
    "pk": 13,
    "fields": {
      "course": 15,
      "student": 6,
      "levels": 1,
      "order_status": 1,
      "order_date": "2020-08-20"
    }
  },
  {
    "model": "admin.logentry",
    "pk": 1,
    "fields": {
      "action_time": "2020-06-24T01:51:20.823Z",
      "user": 1,
      "content_type": 7,
      "object_id": "1",
      "object_repr": "{ Name: Web Development      - Category: Development }",
      "action_flag": 1,
      "change_message": "new through import_export"
    }
  },
  {
    "model": "admin.logentry",
    "pk": 2,
    "fields": {
      "action_time": "2020-06-24T01:51:20.832Z",
      "user": 1,
      "content_type": 7,
      "object_id": "2",
      "object_repr": "{ Name: Management           - Category: Business }",
      "action_flag": 1,
      "change_message": "new through import_export"
    }
  },
  {
    "model": "admin.logentry",
    "pk": 3,
    "fields": {
      "action_time": "2020-06-24T01:51:20.838Z",
      "user": 1,
      "content_type": 7,
      "object_id": "3",
      "object_repr": "{ Name: IT Certification     - Category: IT & Software }",
      "action_flag": 1,
      "change_message": "new through import_export"
    }
  },
  {
    "model": "admin.logentry",
    "pk": 4,
    "fields": {
      "action_time": "2020-06-24T01:51:20.843Z",
      "user": 1,
      "content_type": 7,
      "object_id": "4",
      "object_repr": "{ Name: Sports               - Category: Health & Fitness }",
      "action_flag": 1,
      "change_message": "new through import_export"
    }
  },
  {
    "model": "admin.logentry",
    "pk": 5,
    "fields": {
      "action_time": "2020-06-24T01:51:20.848Z",
      "user": 1,
      "content_type": 7,
      "object_id": "5",
      "object_repr": "{ Name: Economics            - Category: Finance & Accounting }",
      "action_flag": 1,
      "change_message": "new through import_export"
    }
  },
  {
    "model": "admin.logentry",
    "pk": 6,
    "fields": {
      "action_time": "2020-06-24T02:19:11.921Z",
      "user": 1,
      "content_type": 9,
      "object_id": "1",
      "object_repr": "{ Name: CCNA- Price: 199.99- For Everyone: False- Topic: IT Certification     - Description: NA} ",
      "action_flag": 1,
      "change_message": "[{\"added\": {}}]"
    }
  },
  {
    "model": "admin.logentry",
    "pk": 7,
    "fields": {
      "action_time": "2020-06-24T02:20:04.381Z",
      "user": 1,
      "content_type": 9,
      "object_id": "2",
      "object_repr": "{ Name: AWS- Price: 119.99- For Everyone: True- Topic: IT Certification     - Description: NA} ",
      "action_flag": 1,
      "change_message": "[{\"added\": {}}]"
    }
  },
  {
    "model": "admin.logentry",
    "pk": 8,
    "fields": {
      "action_time": "2020-06-24T02:20:43.997Z",
      "user": 1,
      "content_type": 9,
      "object_id": "3",
      "object_repr": "{ Name: CompTIA Security- Price: 139.99- For Everyone: True- Topic: IT Certification     - Description: NA} ",
      "action_flag": 1,
      "change_message": "[{\"added\": {}}]"
    }
  },
  {
    "model": "admin.logentry",
    "pk": 9,
    "fields": {
      "action_time": "2020-06-24T02:21:37.779Z",
      "user": 1,
      "content_type": 9,
      "object_id": "4",
      "object_repr": "{ Name: Oracle SQL- Price: 159.99- For Everyone: True- Topic: IT Certification     - Description: NA} ",
      "action_flag": 1,
      "change_message": "[{\"added\": {}}]"
    }
  },
  {
    "model": "admin.logentry",
    "pk": 10,
    "fields": {
      "action_time": "2020-06-24T02:21:54.882Z",
      "user": 1,
      "content_type": 9,
      "object_id": "2",
      "object_repr": "{ Name: AWS- Price: 119.99- For Everyone: False- Topic: IT Certification     - Description: NA} ",
      "action_flag": 2,
      "change_message": "[{\"changed\": {\"fields\": [\"For everyone\"]}}]"
    }
  },
  {
    "model": "admin.logentry",
    "pk": 11,
    "fields": {
      "action_time": "2020-06-24T16:08:04.196Z",
      "user": 1,
      "content_type": 9,
      "object_id": "4",
      "object_repr": "{ Name: Oracle SQL; Price: 159.99; For Everyone: False; Topic: IT Certification     ; Description: NA} ",
      "action_flag": 2,
      "change_message": "[{\"changed\": {\"fields\": [\"For everyone\"]}}]"
    }
  },
  {
    "model": "admin.logentry",
    "pk": 12,
    "fields": {
      "action_time": "2020-06-24T16:09:55.680Z",
      "user": 1,
      "content_type": 9,
      "object_id": "5",
      "object_repr": "{ Name: Microeconomics; Price: 199.99; For Everyone: False; Topic: Economics            ; Description: NA} ",
      "action_flag": 1,
      "change_message": "[{\"added\": {}}]"
    }
  },
  {
    "model": "admin.logentry",
    "pk": 13,
    "fields": {
      "action_time": "2020-06-24T16:10:25.082Z",
      "user": 1,
      "content_type": 9,
      "object_id": "6",
      "object_repr": "{ Name: Introduction to Economics; Price: 174.99; For Everyone: True; Topic: Economics            ; Description: NA} ",
      "action_flag": 1,
      "change_message": "[{\"added\": {}}]"
    }
  },
  {
    "model": "admin.logentry",
    "pk": 14,
    "fields": {
      "action_time": "2020-06-24T16:10:54.499Z",
      "user": 1,
      "content_type": 9,
      "object_id": "7",
      "object_repr": "{ Name: Global Economics; Price: 149.99; For Everyone: True; Topic: Economics            ; Description: NA} ",
      "action_flag": 1,
      "change_message": "[{\"added\": {}}]"
    }
  },
  {
    "model": "admin.logentry",
    "pk": 15,
    "fields": {
      "action_time": "2020-06-24T16:11:23.602Z",
      "user": 1,
      "content_type": 9,
      "object_id": "8",
      "object_repr": "{ Name: Web Dev Bootcamp; Price: 199.99; For Everyone: True; Topic: Web Development      ; Description: NA} ",
      "action_flag": 1,
      "change_message": "[{\"added\": {}}]"
    }
  },
  {
    "model": "admin.logentry",
    "pk": 16,
    "fields": {
      "action_time": "2020-06-24T16:11:53.343Z",
      "user": 1,
      "content_type": 9,
      "object_id": "9",
      "object_repr": "{ Name: Web Design; Price: 159.99; For Everyone: True; Topic: Web Development      ; Description: Design Learning} ",
      "action_flag": 1,
      "change_message": "[{\"added\": {}}]"
    }
  },
  {
    "model": "admin.logentry",
    "pk": 17,
    "fields": {
      "action_time": "2020-06-24T16:12:17.965Z",
      "user": 1,
      "content_type": 9,
      "object_id": "9",
      "object_repr": "{ Name: Web Design; Price: 159.99; For Everyone: False; Topic: Web Development      ; Description: Design Learning} ",
      "action_flag": 2,
      "change_message": "[{\"changed\": {\"fields\": [\"For everyone\"]}}]"
    }
  },
  {
    "model": "admin.logentry",
    "pk": 18,
    "fields": {
      "action_time": "2020-06-24T16:12:45.080Z",
      "user": 1,
      "content_type": 9,
      "object_id": "10",
      "object_repr": "{ Name: Web Development Mastercalss; Price: 124.99; For Everyone: True; Topic: Web Development      ; Description: NA} ",
      "action_flag": 1,
      "change_message": "[{\"added\": {}}]"
    }
  },
  {
    "model": "admin.logentry",
    "pk": 19,
    "fields": {
      "action_time": "2020-06-24T16:13:30.963Z",
      "user": 1,
      "content_type": 9,
      "object_id": "11",
      "object_repr": "{ Name: Build Responsive Websites; Price: 149.99; For Everyone: True; Topic: Web Development      ; Description: Learn building the responsive website} ",
      "action_flag": 1,
      "change_message": "[{\"added\": {}}]"
    }
  },
  {
    "model": "admin.logentry",
    "pk": 20,
    "fields": {
      "action_time": "2020-06-24T16:13:42.698Z",
      "user": 1,
      "content_type": 9,
      "object_id": "11",
      "object_repr": "{ Name: Build Responsive Websites; Price: 149.99; For Everyone: False; Topic: Web Development      ; Description: Learn building the responsive website} ",
      "action_flag": 2,
      "change_message": "[{\"changed\": {\"fields\": [\"For everyone\"]}}]"
    }
  },
  {
    "model": "admin.logentry",
    "pk": 21,
    "fields": {
      "action_time": "2020-06-24T16:14:05.352Z",
      "user": 1,
      "content_type": 9,
      "object_id": "12",
      "object_repr": "{ Name: Innovation for Business; Price: 174.99; For Everyone: True; Topic: Management           ; Description: NA} ",
      "action_flag": 1,
      "change_message": "[{\"added\": {}}]"
    }
  },
  {
    "model": "admin.logentry",
    "pk": 22,
    "fields": {
      "action_time": "2020-06-24T16:14:26.401Z",
      "user": 1,
      "content_type": 9,
      "object_id": "13",
      "object_repr": "{ Name: Leadership Skills; Price: 184.99; For Everyone: True; Topic: Management           ; Description: NA} ",
      "action_flag": 1,
      "change_message": "[{\"added\": {}}]"
    }
  },
  {
    "model": "admin.logentry",
    "pk": 23,
    "fields": {
      "action_time": "2020-06-24T16:14:47.531Z",
      "user": 1,
      "content_type": 9,
      "object_id": "14",
      "object_repr": "{ Name: Project Management; Price: 149.99; For Everyone: True; Topic: Management           ; Description: NA} ",
      "action_flag": 1,
      "change_message": "[{\"added\": {}}]"
    }
  },
  {
    "model": "admin.logentry",
    "pk": 24,
    "fields": {
      "action_time": "2020-06-24T16:15:09.039Z",
      "user": 1,
      "content_type": 9,
      "object_id": "15",
      "object_repr": "{ Name: Sports Psychology; Price: 174.99; For Everyone: True; Topic: Sports               ; Description: NA} ",
      "action_flag": 1,
      "change_message": "[{\"added\": {}}]"
    }
  },
  {
    "model": "admin.logentry",
    "pk": 25,
    "fields": {
      "action_time": "2020-06-24T16:15:33.786Z",
      "user": 1,
      "content_type": 9,
      "object_id": "16",
      "object_repr": "{ Name: Introduction to Soccer; Price: 134.99; For Everyone: True; Topic: Sports               ; Description: NA} ",
      "action_flag": 1,
      "change_message": "[{\"added\": {}}]"
    }
  },
  {
    "model": "admin.logentry",
    "pk": 26,
    "fields": {
      "action_time": "2020-06-24T16:15:58.092Z",
      "user": 1,
      "content_type": 9,
      "object_id": "17",
      "object_repr": "{ Name: Swimming Guide for Beginners; Price: 99.99; For Everyone: True; Topic: Sports               ; Description: NA} ",
      "action_flag": 1,
      "change_message": "[{\"added\": {}}]"
    }
  },
  {
    "model": "admin.logentry",
    "pk": 27,
    "fields": {
      "action_time": "2020-06-24T16:20:02.489Z",
      "user": 1,
      "content_type": 8,
      "object_id": "2",
      "object_repr": "{ Name:  Smith; School: 123 University Avenue; City: WS; Interested in: <QuerySet [('Web Development      ',), ('Management           ',), ('IT Certification     ',)]>} ",
      "action_flag": 1,
      "change_message": "[{\"added\": {}}]"
    }
  },
  {
    "model": "admin.logentry",
    "pk": 28,
    "fields": {
      "action_time": "2020-06-24T16:21:46.164Z",
      "user": 1,
      "content_type": 8,
      "object_id": "3",
      "object_repr": "{ Name: Mary Jones; School: 235 Sunset Avenue; City: WS; Interested in: <QuerySet [('Management           ',), ('Economics            ',)]>} ",
      "action_flag": 1,
      "change_message": "[{\"added\": {}}]"
    }
  },
  {
    "model": "admin.logentry",
    "pk": 29,
    "fields": {
      "action_time": "2020-06-24T16:22:05.904Z",
      "user": 1,
      "content_type": 8,
      "object_id": "2",
      "object_repr": "{ Name: John Smith; School: 123 University Avenue; City: WS; Interested in: <QuerySet [('Web Development      ',), ('Management           ',), ('IT Certification     ',)]>} ",
      "action_flag": 2,
      "change_message": "[{\"changed\": {\"fields\": [\"First name\"]}}]"
    }
  },
  {
    "model": "admin.logentry",
    "pk": 30,
    "fields": {
      "action_time": "2020-06-24T16:22:23.095Z",
      "user": 1,
      "content_type": 8,
      "object_id": "3",
      "object_repr": "{ Name: Mary Jones; School: 235 Sunset Avenue; City: VC; Interested in: <QuerySet [('Management           ',), ('Economics            ',)]>} ",
      "action_flag": 2,
      "change_message": "[{\"changed\": {\"fields\": [\"City\"]}}]"
    }
  },
  {
    "model": "admin.logentry",
    "pk": 31,
    "fields": {
      "action_time": "2020-06-24T16:23:21.306Z",
      "user": 1,
      "content_type": 8,
      "object_id": "4",
      "object_repr": "{ Name: Alan George; School: 306 Prince Street; City: CG; Interested in: <QuerySet [('Management           ',), ('IT Certification     ',), ('Sports               ',)]>} ",
      "action_flag": 1,
      "change_message": "[{\"added\": {}}]"
    }
  },
  {
    "model": "admin.logentry",
    "pk": 32,
    "fields": {
      "action_time": "2020-06-24T16:24:21.227Z",
      "user": 1,
      "content_type": 8,
      "object_id": "5",
      "object_repr": "{ Name: Josh Jones; School: 442 Sunset Avenue; City: MR; Interested in: <QuerySet [('IT Certification     ',), ('Sports               ',), ('Economics            ',)]>} ",
      "action_flag": 1,
      "change_message": "[{\"added\": {}}]"
    }
  },
  {
    "model": "admin.logentry",
    "pk": 33,
    "fields": {
      "action_time": "2020-06-24T16:25:06.784Z",
      "user": 1,
      "content_type": 8,
      "object_id": "6",
      "object_repr": "{ Name: Chris Hall; School: 987 King Street; City: WS; Interested in: <QuerySet [('Web Development      ',), ('Management           ',)]>} ",
      "action_flag": 1,
      "change_message": "[{\"added\": {}}]"
    }
  },
  {
    "model": "admin.logentry",
    "pk": 34,
    "fields": {
      "action_time": "2020-06-24T16:25:58.400Z",
      "user": 1,
      "content_type": 8,
      "object_id": "2",
      "object_repr": "{ Name: John Smith; School: 123 University Avenue; City: WS; Interested in: <QuerySet [('Web Development      ',), ('Management           ',), ('IT Certification     ',)]>} ",
      "action_flag": 2,
      "change_message": "[{\"changed\": {\"fields\": [\"Password\", \"Username\"]}}]"
    }
  },
  {
    "model": "admin.logentry",
    "pk": 35,
    "fields": {
      "action_time": "2020-06-24T16:26:12.744Z",
      "user": 1,
      "content_type": 8,
      "object_id": "3",
      "object_repr": "{ Name: Mary Jones; School: 235 Sunset Avenue; City: VC; Interested in: <QuerySet [('Management           ',), ('Economics            ',)]>} ",
      "action_flag": 2,
      "change_message": "[{\"changed\": {\"fields\": [\"Password\", \"Username\"]}}]"
    }
  },
  {
    "model": "admin.logentry",
    "pk": 36,
    "fields": {
      "action_time": "2020-06-24T16:26:28.674Z",
      "user": 1,
      "content_type": 8,
      "object_id": "4",
      "object_repr": "{ Name: Alan George; School: 306 Prince Street; City: CG; Interested in: <QuerySet [('Management           ',), ('IT Certification     ',), ('Sports               ',)]>} ",
      "action_flag": 2,
      "change_message": "[{\"changed\": {\"fields\": [\"Password\", \"Username\"]}}]"
    }
  },
  {
    "model": "admin.logentry",
    "pk": 37,
    "fields": {
      "action_time": "2020-06-24T16:26:44.241Z",
      "user": 1,
      "content_type": 8,
      "object_id": "5",
      "object_repr": "{ Name: Josh Jones; School: 442 Sunset Avenue; City: MR; Interested in: <QuerySet [('IT Certification     ',), ('Sports               ',), ('Economics            ',)]>} ",
      "action_flag": 2,
      "change_message": "[{\"changed\": {\"fields\": [\"Password\", \"Username\"]}}]"
    }
  },
  {
    "model": "admin.logentry",
    "pk": 38,
    "fields": {
      "action_time": "2020-06-24T16:27:04.134Z",
      "user": 1,
      "content_type": 8,
      "object_id": "6",
      "object_repr": "{ Name: Chris Hall; School: 987 King Street; City: WS; Interested in: <QuerySet [('Web Development      ',), ('Management           ',)]>} ",
      "action_flag": 2,
      "change_message": "[{\"changed\": {\"fields\": [\"Password\", \"Username\"]}}]"
    }
  },
  {
    "model": "admin.logentry",
    "pk": 39,
    "fields": {
      "action_time": "2020-06-24T16:28:28.904Z",
      "user": 1,
      "content_type": 10,
      "object_id": "1",
      "object_repr": "{ Student: John Smith; Courses: <QuerySet [('Web Dev Bootcamp',), ('Project Management',)]>; Levels: 0; Order Status: 1; Order Date: 2020-06-24}",
      "action_flag": 1,
      "change_message": "[{\"added\": {}}]"
    }
  },
  {
    "model": "admin.logentry",
    "pk": 40,
    "fields": {
      "action_time": "2020-06-24T16:28:42.214Z",
      "user": 1,
      "content_type": 10,
      "object_id": "2",
      "object_repr": "{ Student: Alan George; Courses: <QuerySet [('CCNA',)]>; Levels: 0; Order Status: 1; Order Date: 2020-06-24}",
      "action_flag": 1,
      "change_message": "[{\"added\": {}}]"
    }
  },
  {
    "model": "admin.logentry",
    "pk": 41,
    "fields": {
      "action_time": "2020-06-24T16:29:11.600Z",
      "user": 1,
      "content_type": 10,
      "object_id": "3",
      "object_repr": "{ Student: Chris Hall; Courses: <QuerySet [('Microeconomics',), ('Build Responsive Websites',)]>; Levels: 0; Order Status: 1; Order Date: 2020-06-24}",
      "action_flag": 1,
      "change_message": "[{\"added\": {}}]"
    }
  },
  {
    "model": "admin.logentry",
    "pk": 42,
    "fields": {
      "action_time": "2020-07-28T18:09:38.022Z",
      "user": 1,
      "content_type": 4,
      "object_id": "7",
      "object_repr": "abc",
      "action_flag": 1,
      "change_message": "[{\"added\": {}}]"
    }
  },
  {
    "model": "admin.logentry",
    "pk": 43,
    "fields": {
      "action_time": "2020-08-20T14:02:13.992Z",
      "user": 8,
      "content_type": 4,
      "object_id": "6",
      "object_repr": "chris",
      "action_flag": 2,
      "change_message": "[{\"changed\": {\"fields\": [\"password\"]}}]"
    }
  },
  {
    "model": "admin.logentry",
    "pk": 44,
    "fields": {
      "action_time": "2020-08-20T15:17:33.757Z",
      "user": 8,
      "content_type": 8,
      "object_id": "6",
      "object_repr": "Chris Hall - 987 King Street, Windsor. Interests: Web Development       and Management           ",
      "action_flag": 2,
      "change_message": "[{\"changed\": {\"fields\": [\"School\", \"Address\"]}}]"
    }
  },
  {
    "model": "admin.logentry",
    "pk": 45,
    "fields": {
      "action_time": "2020-08-20T15:17:55.394Z",
      "user": 8,
      "content_type": 8,
      "object_id": "5",
      "object_repr": "Josh Jones - 442 Sunset Avenue, Montreal. Interests: Management           , IT Certification     , Sports               , and Economics            ",
      "action_flag": 2,
      "change_message": "[{\"changed\": {\"fields\": [\"Interested in\", \"Address\"]}}]"
    }
  },
  {
    "model": "admin.logentry",
    "pk": 46,
    "fields": {
      "action_time": "2020-08-20T15:18:12.864Z",
      "user": 8,
      "content_type": 8,
      "object_id": "5",
      "object_repr": "Josh Jones - 442 Sunset Avenue, Montreal. Interests: IT Certification     , Sports               , and Economics            ",
      "action_flag": 2,
      "change_message": "[{\"changed\": {\"fields\": [\"Interested in\"]}}]"
    }
  },
  {
    "model": "admin.logentry",
    "pk": 47,
    "fields": {
      "action_time": "2020-08-20T15:18:21.025Z",
      "user": 8,
      "content_type": 8,
      "object_id": "4",
      "object_repr": "Alan George - 306 Prince Street, Calgary. Interests: Management           , IT Certification     , and Sports               ",
      "action_flag": 2,
      "change_message": "[{\"changed\": {\"fields\": [\"School\", \"Address\"]}}]"
    }
  },
  {
    "model": "admin.logentry",
    "pk": 48,
    "fields": {
      "action_time": "2020-08-20T15:18:26.466Z",
      "user": 8,
      "content_type": 8,
      "object_id": "5",
      "object_repr": "Josh Jones - 442 Sunset Avenue, Montreal. Interests: IT Certification     , Sports               , and Economics            ",
      "action_flag": 2,
      "change_message": "[{\"changed\": {\"fields\": [\"School\"]}}]"
    }
  },
  {
    "model": "admin.logentry",
    "pk": 49,
    "fields": {
      "action_time": "2020-08-20T15:18:29.809Z",
      "user": 8,
      "content_type": 8,
      "object_id": "6",
      "object_repr": "Chris Hall - 987 King Street, Windsor. Interests: Web Development       and Management           ",
      "action_flag": 2,
      "change_message": "[]"
    }
  },
  {
    "model": "admin.logentry",
    "pk": 50,
    "fields": {
      "action_time": "2020-08-20T15:18:44.222Z",
      "user": 8,
      "content_type": 8,
      "object_id": "3",
      "object_repr": "Mary Jones - 235 Sunset Avenue, Vancouver. Interests: Management            and Economics            ",
      "action_flag": 2,
      "change_message": "[{\"changed\": {\"fields\": [\"School\", \"Address\"]}}]"
    }
  },
  {
    "model": "admin.logentry",
    "pk": 51,
    "fields": {
      "action_time": "2020-08-20T15:18:52.781Z",
      "user": 8,
      "content_type": 8,
      "object_id": "2",
      "object_repr": "John Smith - 123 University Avenue, Windsor. Interests: Web Development      , Management           , and IT Certification     ",
      "action_flag": 2,
      "change_message": "[{\"changed\": {\"fields\": [\"School\", \"Address\"]}}]"
    }
  },
  {
    "model": "admin.logentry",
    "pk": 52,
    "fields": {
      "action_time": "2020-08-20T16:01:49.536Z",
      "user": 8,
      "content_type": 8,
      "object_id": "9",
      "object_repr": "  - , Windsor. Interests: ",
      "action_flag": 3,
      "change_message": ""
    }
  },
  {
    "model": "admin.logentry",
    "pk": 53,
    "fields": {
      "action_time": "2020-08-20T16:02:42.002Z",
      "user": 8,
      "content_type": 8,
      "object_id": "10",
      "object_repr": "Rushi Patel - 361 Janette, Windsor. Interests: ",
      "action_flag": 3,
      "change_message": ""
    }
  },
  {
    "model": "admin.logentry",
    "pk": 54,
    "fields": {
      "action_time": "2020-08-20T17:54:35.391Z",
      "user": 8,
      "content_type": 4,
      "object_id": "4",
      "object_repr": "alan",
      "action_flag": 2,
      "change_message": "[{\"changed\": {\"fields\": [\"Email address\"]}}]"
    }
  },
  {
    "model": "admin.logentry",
    "pk": 55,
    "fields": {
      "action_time": "2020-08-20T18:16:55.473Z",
      "user": 8,
      "content_type": 9,
      "object_id": "18",
      "object_repr": "Test (Development) $90 [ For Everyone]",
      "action_flag": 1,
      "change_message": "[{\"added\": {}}]"
    }
  },
  {
    "model": "admin.logentry",
    "pk": 56,
    "fields": {
      "action_time": "2020-08-20T18:18:34.890Z",
      "user": 8,
      "content_type": 9,
      "object_id": "18",
      "object_repr": "Test (Development) $101 [ For Everyone]",
      "action_flag": 2,
      "change_message": "[{\"changed\": {\"fields\": [\"Price\"]}}]"
    }
  },
  {
    "model": "admin.logentry",
    "pk": 57,
    "fields": {
      "action_time": "2020-08-20T18:21:01.173Z",
      "user": 8,
      "content_type": 9,
      "object_id": "18",
      "object_repr": "Test (Development) $100 [ For Everyone]",
      "action_flag": 2,
      "change_message": "[{\"changed\": {\"fields\": [\"Price\"]}}]"
    }
  },
  {
    "model": "admin.logentry",
    "pk": 58,
    "fields": {
      "action_time": "2020-08-20T20:58:56.474Z",
      "user": 8,
      "content_type": 8,
      "object_id": "11",
      "object_repr": "godhu godhu - godhu, Windsor. Interests: ",
      "action_flag": 3,
      "change_message": ""
    }
  },
  {
    "model": "admin.logentry",
    "pk": 59,
    "fields": {
      "action_time": "2020-08-20T20:59:22.560Z",
      "user": 8,
      "content_type": 8,
      "object_id": "12",
      "object_repr": "godhu godhu - godhu, Windsor. Interests: Web Development       and Management           ",
      "action_flag": 2,
      "change_message": "[{\"changed\": {\"fields\": [\"Interested in\"]}}]"
    }
  },
  {
    "model": "admin.logentry",
    "pk": 60,
    "fields": {
      "action_time": "2020-08-20T21:00:31.168Z",
      "user": 8,
      "content_type": 8,
      "object_id": "12",
      "object_repr": "godhu godhu - godhu, Windsor. Interests: Web Development       and Management           ",
      "action_flag": 3,
      "change_message": ""
    }
  },
  {
    "model": "admin.logentry",
    "pk": 61,
    "fields": {
      "action_time": "2020-08-20T21:01:17.959Z",
      "user": 8,
      "content_type": 8,
      "object_id": "13",
      "object_repr": "godhu godhu - godhu, Windsor. Interests: ",
      "action_flag": 3,
      "change_message": ""
    }
  },
  {
    "model": "admin.logentry",
    "pk": 62,
    "fields": {
      "action_time": "2020-08-20T21:08:27.625Z",
      "user": 8,
      "content_type": 7,
      "object_id": "5",
      "object_repr": "Economics (Finance & Accounting)",
      "action_flag": 2,
      "change_message": "[{\"changed\": {\"fields\": [\"Name\"]}}]"
    }
  },
  {
    "model": "admin.logentry",
    "pk": 63,
    "fields": {
      "action_time": "2020-08-20T21:43:11.931Z",
      "user": 8,
      "content_type": 8,
      "object_id": "14",
      "object_repr": "godhu godhu - godhu, Windsor. Interests: ",
      "action_flag": 3,
      "change_message": ""
    }
  },
  {
    "model": "admin.logentry",
    "pk": 64,
    "fields": {
      "action_time": "2020-08-20T21:46:38.338Z",
      "user": 8,
      "content_type": 8,
      "object_id": "15",
      "object_repr": "Godhu Godhu - 69 Godhu, Windsor. Interests: ",
      "action_flag": 3,
      "change_message": ""
    }
  },
  {
    "model": "admin.logentry",
    "pk": 65,
    "fields": {
      "action_time": "2020-08-20T21:47:25.588Z",
      "user": 8,
      "content_type": 8,
      "object_id": "16",
      "object_repr": "Godhu Godhu - 69 Godhu, Windsor. Interests: ",
      "action_flag": 3,
      "change_message": ""
    }
  },
  {
    "model": "admin.logentry",
    "pk": 66,
    "fields": {
      "action_time": "2020-08-20T23:01:34.702Z",
      "user": 8,
      "content_type": 8,
      "object_id": "17",
      "object_repr": "godhu godhu - None, Windsor. Interests: Web Development       and Management           ",
      "action_flag": 2,
      "change_message": "[{\"changed\": {\"fields\": [\"Interested in\"]}}]"
    }
  },
  {
    "model": "admin.logentry",
    "pk": 67,
    "fields": {
      "action_time": "2020-08-20T23:11:07.859Z",
      "user": 8,
      "content_type": 8,
      "object_id": "17",
      "object_repr": "godhu godhu - None, Windsor. Interests: Web Development       and Management           ",
      "action_flag": 3,
      "change_message": ""
    }
  },
  {
    "model": "admin.logentry",
    "pk": 68,
    "fields": {
      "action_time": "2020-08-20T23:12:22.966Z",
      "user": 8,
      "content_type": 4,
      "object_id": "1",
      "object_repr": "khush",
      "action_flag": 2,
      "change_message": "[{\"changed\": {\"fields\": [\"Email address\", \"Staff status\", \"Superuser status\"]}}]"
    }
  },
  {
    "model": "admin.logentry",
    "pk": 69,
    "fields": {
      "action_time": "2020-08-21T23:02:50.076Z",
      "user": 8,
      "content_type": 8,
      "object_id": "18",
      "object_repr": "Godhu Godhu - None, Windsor. Interests: ",
      "action_flag": 3,
      "change_message": ""
    }
  },
  {
    "model": "admin.logentry",
    "pk": 70,
    "fields": {
      "action_time": "2020-08-21T23:13:30.583Z",
      "user": 8,
      "content_type": 8,
      "object_id": "6",
      "object_repr": "Chris Hall - 987 King Street, Windsor. Interests: Web Development       and Management           ",
      "action_flag": 2,
      "change_message": "[{\"changed\": {\"fields\": [\"Photo\"]}}]"
    }
  },
  {
    "model": "admin.logentry",
    "pk": 71,
    "fields": {
      "action_time": "2020-08-21T23:13:42.533Z",
      "user": 8,
      "content_type": 8,
      "object_id": "6",
      "object_repr": "Chris Hall - 987 King Street, Windsor. Interests: Web Development       and Management           ",
      "action_flag": 2,
      "change_message": "[{\"changed\": {\"fields\": [\"Photo\"]}}]"
    }
  },
  {
    "model": "admin.logentry",
    "pk": 72,
    "fields": {
      "action_time": "2020-08-21T23:14:11.048Z",
      "user": 8,
      "content_type": 8,
      "object_id": "19",
      "object_repr": "Godhu Godhu - None, Windsor. Interests: Web Development       and Management           ",
      "action_flag": 2,
      "change_message": "[{\"changed\": {\"fields\": [\"Interested in\", \"Photo\"]}}]"
    }
  },
  {
    "model": "admin.logentry",
    "pk": 73,
    "fields": {
      "action_time": "2020-08-21T23:14:23.519Z",
      "user": 8,
      "content_type": 8,
      "object_id": "19",
      "object_repr": "Godhu Godhu - None, Windsor. Interests: Web Development       and Management           ",
      "action_flag": 2,
      "change_message": "[{\"changed\": {\"fields\": [\"Photo\"]}}]"
    }
  },
  {
    "model": "admin.logentry",
    "pk": 74,
    "fields": {
      "action_time": "2020-08-21T23:14:23.570Z",
      "user": 8,
      "content_type": 8,
      "object_id": "19",
      "object_repr": "Godhu Godhu - None, Windsor. Interests: Web Development       and Management           ",
      "action_flag": 2,
      "change_message": "[{\"changed\": {\"fields\": [\"Photo\"]}}]"
    }
  },
  {
    "model": "admin.logentry",
    "pk": 75,
    "fields": {
      "action_time": "2020-08-21T23:45:42.816Z",
      "user": 8,
      "content_type": 8,
      "object_id": "20",
      "object_repr": "Aman Patel - None, Windsor. Interests: ",
      "action_flag": 3,
      "change_message": ""
    }
  },
  {
    "model": "admin.logentry",
    "pk": 76,
    "fields": {
      "action_time": "2020-08-21T23:45:58.590Z",
      "user": 8,
      "content_type": 8,
      "object_id": "21",
      "object_repr": "Aman Patel - None, Windsor. Interests: ",
      "action_flag": 3,
      "change_message": ""
    }
  },
  {
    "model": "admin.logentry",
    "pk": 77,
    "fields": {
      "action_time": "2020-08-22T00:45:08.712Z",
      "user": 8,
      "content_type": 8,
      "object_id": "19",
      "object_repr": "Godhu Godhu - None, Windsor. Interests: Web Development       and Management           ",
      "action_flag": 3,
      "change_message": ""
    }
  },
  {
    "model": "admin.logentry",
    "pk": 78,
    "fields": {
      "action_time": "2020-08-22T00:47:22.709Z",
      "user": 8,
      "content_type": 8,
      "object_id": "22",
      "object_repr": "Aman Patel - None, Windsor. Interests: ",
      "action_flag": 3,
      "change_message": ""
    }
  },
  {
    "model": "admin.logentry",
    "pk": 79,
    "fields": {
      "action_time": "2020-08-22T01:01:33.274Z",
      "user": 8,
      "content_type": 8,
      "object_id": "23",
      "object_repr": "Aman Patel - None, Windsor. Interests: ",
      "action_flag": 3,
      "change_message": ""
    }
  },
  {
    "model": "admin.logentry",
    "pk": 80,
    "fields": {
      "action_time": "2020-08-22T01:14:55.300Z",
      "user": 8,
      "content_type": 8,
      "object_id": "24",
      "object_repr": "Aman Patel - None, Windsor. Interests: ",
      "action_flag": 3,
      "change_message": ""
    }
  },
  {
    "model": "admin.logentry",
    "pk": 81,
    "fields": {
      "action_time": "2020-08-22T01:35:35.750Z",
      "user": 8,
      "content_type": 8,
      "object_id": "26",
      "object_repr": "viju ciju - None, Windsor. Interests: IT Certification     ",
      "action_flag": 3,
      "change_message": ""
    }
  },
  {
    "model": "admin.logentry",
    "pk": 82,
    "fields": {
      "action_time": "2020-08-22T01:35:35.756Z",
      "user": 8,
      "content_type": 8,
      "object_id": "25",
      "object_repr": "godhu gidhu - None, Windsor. Interests: ",
      "action_flag": 3,
      "change_message": ""
    }
  }
]
